/brand/151-Products/Cotton-Tree
/brand/72-Hair/72-Hair
/brand/A3/A3-Exclusive
/brand/A3/A3-Lemon
/brand/A3/A3-System
/brand/A3/A3-Triple-Action
/brand/A3/Bianca-21-Days
/brand/A3/Bianca-Clear-Action
/brand/A3/Revita
/brand/A3/The-Don
/brand/Aapri/Aapri
/brand/Activilong-Paris/Activilong
/brand/Adidas/Adidas
/brand/Adorable/Tangle-Free-Hair
/brand/Advance-Beauty-Care/Curly-Kids
/brand/African-Formula/African-Formula
/brand/African-Pride/African-Pride
/brand/AfriCare/WeaveCare
/brand/Aftress/Aftress
/brand/Agadir/Agadir
/brand/Alcolado-Glacial/Alcolado-Glacial
/brand/Alikay-Naturals/Alikay-Naturals
/brand/All-Ways-Natural/AllWays
/brand/Allen-Products/Hair-Moodz
/brand/American-Crew/Classic
/brand/American-Crew/Classic-Grey
/brand/American-Crew/Shave
/brand/American-Crew/Tea-Tree
/brand/American-Crew/Thickening
/brand/American-Dream/American-Dream-Hair
/brand/American-Dream/Care-and-Maintenance
/brand/American-International-Industries/American-International-Industries
/brand/American-International-Industries/Ardell
/brand/American-International-Industries/ClubMan
/brand/American-International-Industries/Surgi-Care
/brand/American-Silky-Straight/Shea-Butter
/brand/Amirose/Bio-Balance
/brand/Amirose/PureDerm
/brand/Andis/Andis-Styling
/brand/Andis/Animal
/brand/Andis/Beauty-n-Barber
/brand/Andre-Walker/Andre-Walker
/brand/Andrew-Easterday/Fair-and-Balance
/brand/Andrew-Easterday/Formula
/brand/Angel-En-Provence/Angel-En-Provence
/brand/Angels-Hair-Collection/Angels-Hair-Collection
/brand/Anne-French/Anne-French
/brand/Annie/Annie
/brand/ApHogee/Curlific
/brand/ApHogee/Protect-and-Maintain
/brand/ApHogee/Treatment-and-Repair
/brand/Apothecary87/Apothecary87
/brand/Apraise/Apraise
/brand/Aqua-Natural/Aqua-Natural
/brand/Aquarius-Cosmetic/IDC-Color-Makeup
/brand/Aquarius-Cosmetic/IDC-Design-Accessories
/brand/Aquarius-Cosmetic/IDC-Institute-Beauty-And-Skincare
/brand/Aquimpex/Amama
/brand/Aquimpex/Exence-White
/brand/Aramis/Aramis
/brand/Argan-Deluxe/Argan-Deluxe
/brand/Arganics/Arganics
/brand/As-I-Am/As-I-Am
/brand/Asepso/Antiseptic
/brand/Astral/Original
/brand/Atrixo/Atrixo
/brand/Attitude/Attitude
/brand/Auntie-Lizzy/Auntie-Lizzy
/brand/Aussie/Aussie
/brand/Australian-Bodycare/Australian-Bodycare
/brand/Australian-Bush-Flower-Essences/Australian-Bush-Flower-Essences
/brand/Australian-Organics/Australian-Organics
/brand/Avlon/Affirm
/brand/Avlon/Ferm
/brand/Avlon/FiberGuard
/brand/Avlon/KeraCare
/brand/Ayumi-Naturals/Ayumi-Naturals
/brand/Ayuuri/Ayuuri-Natural
/brand/BaByliss/Forfex
/brand/BaByliss/Pro-Hairdressing
/brand/BaByliss/Satin-Smooth
/brand/Bangstyle/Bangstyle
/brand/Barber-Shop-Aid/Barber-Shop-Aid
/brand/Barbicide/Barbicide-Disinfectant
/brand/Batiste/Dry-Shampoo
/brand/Bblonde/Bblonde
/brand/Beard-Guyz/Beard-Guyz
/brand/Beautiful-Textures/Beautiful-Textures
/brand/Beauty-Collection-/Beauty-Collection-Accessories-
/brand/Beauty-Cosmetics-Diffusion/oneTone
/brand/Beauty-Elements/Kara-Pure
/brand/Beauty-Hair-Products/Aphrodite-Personal-Care
/brand/Beauty-Hair-Products/Aphrodite-Salon-Equipment
/brand/Beauty-Hair-Products/Organic-APH
/brand/Beauty-Max/Viva
/brand/Beauty-Star/Bump-Zapper
/brand/Beauty-Works/Beauty-Works
/brand/Bee-Mine-Organics/Bee-Mine-Organics
/brand/Bee-Sales/Magic-Collection
/brand/Bee-Sales/Response
/brand/Bel/Bel-Premium
/brand/Bel-Dam/Bel-Dam
/brand/Bellapierre-Cosmetics/Bellapierre-Cosmetics
/brand/Bellissemo/Bellissemo
/brand/Bellitas/Bellitas
/brand/BELLS/BELLS
/brand/Benjamins/Benjamins
/brand/Beshe/Beshe
/brand/BIC/BIC
/brand/Bigen-Color/Bigen-Hair-Color
/brand/Bio/Bio-HairCare
/brand/Bio/Bio-Skincare
/brand/Bio-Balance-/Bio-Balance-
/brand/BioCare/AtOne
/brand/BioCare/Curls-and-Naturals
/brand/BioCare/Naturally-Clear-Skin
/brand/BioCare/Strong-Ends
/brand/Biore/Biore
/brand/Biotera/Biotera
/brand/Black-And-Beautiful/Black-And-Beautiful
/brand/Black-Angel/Black-Angel
/brand/Black-Diamond/Rubber-Combs
/brand/Black-Opal/Color-Cosmetics
/brand/Black-Opal/Mens-Shaving-System
/brand/Black-Opal/Womens-Skin-Care
/brand/Blistex/Blistex
/brand/Blue-Power/Carbolic
/brand/BMB-/BMB-
/brand/Bobbi-Boss/Bobbi-Boss
/brand/Bodyform/Bodyform
/brand/Bodytox/Sleep-Patches
/brand/Bonfi-Natural/Wet-N-Wavy
/brand/Botanika-Beauty/Botanika-Beauty
/brand/Bragg/Bragg
/brand/Brazilian-Natural/Brazilian-Natural
/brand/Brisk/Brisk
/brand/British-Hair-/British-Hair-
/brand/Brittny/Brittny-Professional
/brand/Bronner-Bros/African-Royale
/brand/Bronner-Bros/BB
/brand/Bronner-Bros/Roberts-Diamond-Bond
/brand/Brut/Brut
/brand/Bump-Defense/Bump-Defense
/brand/Bump-Stopper/Bump-Stopper
/brand/Butter-Sweet/Butter-Sweet
/brand/By-Natures/By-Natures
/brand/Camille-Rose-Naturals/Camille-Rose-Naturals
/brand/Cantu-Shea-Butter/Cantu
/brand/Carma-Laboratories/Carmex
/brand/Carols-Daughter/Carols-Daughter
/brand/Celeb-Luxury/Celeb-Luxury
/brand/Celebrity-Elite/Celebrity-Elite
/brand/CeXpress/CeXpress
/brand/Chear/Chear
/brand/Cherish/Cherish
/brand/Chill-/Chill-
/brand/Clairissime/Cosmetique
/brand/Clairol/For-Coloured-Hair
/brand/Clairol/Herbal-Essences
/brand/Clairol/Nice-N-Easy
/brand/Clear-Essence/Anti-Aging-Skin
/brand/Clear-Essence/Lemon-plus-Vitamin-C
/brand/Clear-Essence/Platinum
/brand/Clear-Essence/Sensitive-Line
/brand/Clear-N-Smooth/Clear-N-Smooth
/brand/Clere/Clere
/brand/Clipp-Aid/Clipp-Aid
/brand/Cloud-Nine/Cloud-Nine
/brand/Clynol/Clynol-Smooth
/brand/Clynol/Color-Care
/brand/Clynol/Look-at-me
/brand/Clynol/Repair
/brand/Clynol/Speciality
/brand/CMI/Simply-Cotton
/brand/Coco-Conscious-Collective/Coco-Conscious-Collective
/brand/Colgate-Palmolive/Colgate
/brand/Colgate-Palmolive/Irish-Spring
/brand/Colgate-Palmolive/Palmolive
/brand/Color-Wow/Color-Wow
/brand/Colornow/Colornow
/brand/Colour-Bomb-/Colour-Bomb-
/brand/Colour-Culture/Colour-Culture
/brand/Colour-Vibe/Colour-Vibe
/brand/ComAir/ComAir
/brand/Combe-International/Grecian
/brand/Combe-International/Just-for-Men
/brand/Comby/Matador
/brand/Comvita/Manuka-Honey
/brand/Continental-Fragrances/High-Beams
/brand/Copar/CBL
/brand/Corine-De-Farme/Corine-De-Farme
/brand/Corioliss/Corioliss-Accessories
/brand/Corioliss/Dryer
/brand/Corioliss/Irons
/brand/Cosmetic-Wholesale/Cosmetic-Wholesale
/brand/Coty/Coty-Fragrances
/brand/Cover-Your-Gray/Cover-Your-Gray
/brand/Creative-Image/Shinning-Colors
/brand/Creme-Of-Nature/Creme-Of-Nature
/brand/Crest/Crest
/brand/Culmak/Culmak
/brand/Curel/Curel
/brand/Curl-Aid-Products-/Curl-Aid
/brand/Curlformers/Curlformers
/brand/Curls/For-Kids
/brand/Curls/For-Women
/brand/Cussons/Cussons
/brand/Cutastem-Baby/Cutastem-Baby
/brand/Cuticura/Cuticura
/brand/CVT/CVT
/brand/CWK/CWK
/brand/CWK/Swiss-Made
/brand/Cynos/Cynos
/brand/Dabur/Dabur
/brand/Daggett-And-Ramsdell/DR
/brand/Daily-Concepts-/Daily-Concepts-
/brand/DALAN/d-Olive
/brand/Dapper-Dan-/Dapper-Dan-
/brand/Davidoff/Davidoff
/brand/Dawmy/Dawmy
/brand/DB-Naturals/DB-Naturals
/brand/Dear-Barber/Dear-Barber
/brand/Deity-America/Deity-America
/brand/Delia-Cosmetics/Delia-Cosmetics
/brand/Delon/Delon
/brand/DeMert/DeMert
/brand/Denim/Denim
/brand/Denman/Carbon-Combs
/brand/Denman/Classic-Styling-Brush
/brand/Denman/Grooming-Paddle
/brand/Denman/Hair-Accessories
/brand/Denman/Jack-Dean
/brand/Denman/Pashana
/brand/Denman/Thermoceramic
/brand/Dentaid/Halita
/brand/Dentinox/Dentinox
/brand/Dentyl-Active/Dentyl-Active
/brand/Depileve/Depileve
/brand/Derby-Professional-/Derby-Professional-
/brand/Derma-Sel/Derma-Sel
/brand/Dermalogics/V10-Natural-Tech
/brand/Dermo-White/Dermo-White
/brand/Design-Essentials/Design-Essentials
/brand/Dettol/Dettol
/brand/Deva-Curl/Deva-Curl
/brand/Dexe/Dexe
/brand/DFI/DFI
/brand/DH7/DH7
/brand/Diana/Diana
/brand/Diane/Diane
/brand/Difeel/Difeel
/brand/Dirty-Works/Dirty-Works
/brand/Divaderme-Cosmetics/Divaderme-Cosmetics
/brand/DMI-Professional-Products/DMI-Professional-Products
/brand/Doctor-Clear/Doctor-Clear
/brand/Dominican-Magic/Dominican-Magic
/brand/Doo-Gro/Doo-Gro
/brand/dove/dove
/brand/dove/dove-Men
/brand/Dr.-Jacobs
/brand/Dr.-Pawpaw
/brand/Dr.Miracles
/brand/Drammock/Beauty-Formulas
/brand/Dream/Deluxe
/brand/DriPak/Tara
/brand/DS-Laboratories/DS-Laboratories
/brand/Dynamix-International/Eden
/brand/E45/E45
/brand/Easy-Pro/Essations
/brand/Eazicare/Eazicare
/brand/Eazicolor/Eazicolor
/brand/Ebe/Jojoba
/brand/EBIN-New-York/EBIN-New-York
/brand/Ecoco/Eco-Styler
/brand/ECRU-New-York-/ECRU-New-York-
/brand/Edelweis/Edelweis
/brand/Eden-Bodyworks/Eden-Bodyworks
/brand/Edward-Jacob-Accessories/Edward-Jacob
/brand/Ego-Professional/Ego-Professional
/brand/El-Patron/El-Patron
/brand/ElastaQP/ElastaQP
/brand/Elegant-Looks/Elegant-Looks
/brand/Elliot-Irving/Elliot-Irving
/brand/Elliot-Irving/Crusader-
/brand/Elysee-Star/Elysee-Star
/brand/Elysium-Spa/Elysium-Spa
/brand/Emami/Emami
/brand/Enliven/Active-Care
/brand/Eprouvage/Eprouvage
/brand/Erayba-Professional-Line/Erayba-Professional-Line
/brand/Escenti/Escenti
/brand/Eslabondexx/Eslabondexx
/brand/Estetica-Designs/Estetica-Designs
/brand/ETI/ETI
/brand/Eucerin/Eucerin
/brand/Eucryl/Eucryl
/brand/Ever-Beauty-Inc/Ever-Dream
/brand/Ever-Ready/Ever-Ready
/brand/EverTress/3-in-1-Weave
/brand/EverTress/Ever-Lace-Front
/brand/Express-White/Express-White
/brand/Fab-Hair/Fab-Hair
/brand/Fanola/Fanola
/brand/Fantasia/Fantasia
/brand/Fantasia/IC-Fantasia
/brand/Farouk-Systems/CHI
/brand/Fashion-Fair/FF-Makeup
/brand/Fashion-Fair/Skincare-Secrets
/brand/Feel-Free-Bio-Skincare/Feel-Free-Bio-Skincare
/brand/Fem-Fresh/FemFresh
/brand/Feme/Feme
/brand/Femi-Collection/Femi-Collection
/brand/Fenjal/Fenjal
/brand/Fiftys-Beauty-/Fiftys-Beauty-
/brand/Finders/Dead-Sea-Spa-Magik
/brand/Fine-LinesUK/FineLines
/brand/Finesse/Finesse
/brand/Firstlady/Firstlady
/brand/FirstLine-Manufacturing/Evolve
/brand/FirstLine-Manufacturing/WAV-Enforcer
/brand/Fonex/Fonex
/brand/Forever-Lashes/Lashes
/brand/Forever-Living/Forever-Living
/brand/Framesi/Framesi
/brand/Free-Your-Mane/Free-Your-Mane
/brand/Frenchtop-Natural-Care/Hair-Wonder
/brand/Frenchtop-Natural-Care/Royal-Green
/brand/Frezyderm/Frezyderm
/brand/Fudge/BLOWDRY
/brand/Fudge/CHEMICALLY-COLOURED
/brand/Fudge/DRY-DAMAGE
/brand/Fudge/FINISH
/brand/Fudge/Fudge-Brushes
/brand/Fudge/HYDRATING-HAIR-DRINK
/brand/Fudge/NORMAL-AND-DRY
/brand/Fudge/OOMF-VOLUME
/brand/Fudge/PAINTBOX-COLOUR
/brand/Fudge/SHINE
/brand/Fudge/STRAIGHT-SMOOTH
/brand/Fudge/TEXTURE-HOLD
/brand/Fudge/Unleaded
/brand/Fudge/WHITER-SHADE-OF-PALE
/brand/Full-Marks/Full-Marks
/brand/G-And-G/Diva-Maxima
/brand/GAC/Party-Fun
/brand/Galaxy/Blonde
/brand/Galderma/Cetaphil
/brand/Garnier/Fructis
/brand/Gary-Sunderland/Gary-Sunderland
/brand/General-Purpose/General-Purpose
/brand/Gentelle/Gentelle
/brand/Gianni-Badu/Caris
/brand/Gigi-Spa/Gigi-Spa
/brand/Gillette/Gillette-Serie
/brand/Gillette/New-Deodorant
/brand/Gillette/Razor
/brand/Ginseng-Miracle/Ginseng-Miracle
/brand/Giovanni/Giovanni
/brand/Girl-And-Hair/Girl-And-Hair
/brand/Girls-With-Attitude/Girls-With-Attitude
/brand/Glysolid/Glysolid
/brand/Go-Posh/Go-Posh
/brand/GO247/Real-Men
/brand/Gold-22/Lustre
/brand/Gold-22/Sunsera
/brand/Goldwell/Color-System
/brand/Goldwell/Colorance
/brand/Goldwell/dualsenses
/brand/Goldwell/Kerasilk
/brand/Goldwell/Oxycur-Platin
/brand/Goldwell/Styling
/brand/Goldwell/Topchic
/brand/Gossip/Afro-Style
/brand/Gossip/Euro-Style
/brand/Gossip/Gossip-Accessories
/brand/Gossip/Gossip-Wigs
/brand/Graham-Beauty/Graham-Beauty
/brand/Grahams-Natural/Grahams-Natural
/brand/Gro-Secrets/Gro-Secrets
/brand/Groomed/Groomed
/brand/GSK/Aquafresh
/brand/GSK/Corsodyl
/brand/GSK/Lactacyd
/brand/GSK/Sensodyne
/brand/Hair-Chemist/Hair-Chemist
/brand/Hair-Direct/Hair-Direct
/brand/Hair-One/HairOne
/brand/Hair-Shine/Seibella-Brasil
/brand/Hair-Styler/Hair-Styler
/brand/Hair-Xpressions/Hair-Xpressions
/brand/Hairaisers/AFTERCARE-RANGE
/brand/Hairaisers/BLACK-BEAUTY
/brand/Hairaisers/Brazilian-Collection
/brand/Hairaisers/Funky-Diva
/brand/Hairaisers/Pure
/brand/Hairaisers/Remy-Collection
/brand/Hanz-De-Fuko/Hanz-De-Fuko
/brand/Hara-Beauty/Hara-Beauty
/brand/Hask/Hask
/brand/Haz-Beauty/Haz
/brand/Head-And-Shoulders/Head-And-Shoulders
/brand/Health-Aid/Aromatherapy
/brand/Health-And-Beauty-Aztec-Secret/Health-And-Beauty-Aztec-Secret
/brand/HealthPoint/HP
/brand/Henara/Henara
/brand/Herbatint/Herbatint
/brand/Hercules--Sagemann-/Hercules--Sagemann-
/brand/Hesh-Herbal/Ancient-Formulae
/brand/HI-Image/Olive-Oil
/brand/Himalaya/Himalaya-Herbals
/brand/Hit-The-Spot/Hit-The-Spot
/brand/Hive/Hive
/brand/hobi-kosmetik/hobi-kosmetik
/brand/Hollywood-Beauty/Hollywood-Beauty
/brand/Honey-Baby-Naturals/Honey-Baby-Naturals
/brand/Hot-Tools-Professional-/Hot-Tools-Professional-
/brand/House-of-Cheatham/Africas-Best
/brand/House-of-Cheatham/Argan-Smooth
/brand/House-of-Cheatham/Aunt-Jackies
/brand/House-of-Cheatham/Kids-Organics
/brand/House-of-Cheatham/Mens-Organics
/brand/House-of-Cheatham/Organics-Africas-Best
/brand/House-of-Cheatham/Organics-Olive-Oil
/brand/House-of-Cheatham/Organics-Thermal-Radiance
/brand/House-of-Cheatham/Red-Fox
/brand/House-of-Cheatham/Texture-My-Way
/brand/House-of-Cheatham/Ultimate-Organics
/brand/HT26/HT26-Paris
/brand/HT26/Lotion-90
/brand/HT26/Topifarm
/brand/HT26/Topsygel
/brand/I-Gel/I-Gel
/brand/Ice-Diamond/Ice
/brand/III-Sisters-Of-Nature/III-Sisters-Of-Nature
/brand/IKOO/IKOO
/brand/Iman-Cosmetics/Perfect-Response
/brand/Iman-Cosmetics/Second-To-None
/brand/Imperial-Dax/DAX
/brand/Impression/Impression
/brand/Indie-Hair/Indie-Hair
/brand/Indola-Exclusively-Professional/Indola-Exclusively-Professional
/brand/Inecto/Inecto
/brand/Insight-Professional/Insight-Professional
/brand/Intragen/Intragen
/brand/Invogue/Brush-Works
/brand/Invogue/Eye-Candy
/brand/Invogue/So-Eco
/brand/Irie-Dread/Irie-Dread
/brand/Irie-Rock/Irie-Rock
/brand/ISOPLUS/Black-Magic
/brand/ISOPLUS/Natural-Collections
/brand/ISOPLUS/Natural-Remedy
/brand/Its-A-Wig/Its-a-Cap-Weave
/brand/J.-Strickland-Africa/Black-and-White
/brand/J.-Strickland-Africa/Blue-Magic
/brand/J.-Strickland-Africa/Sulfur-8
/brand/J.-Strickland-Africa/Worlds-of-Curls
/brand/JAdore-Hair/JAdore-Hair
/brand/Jaguar/Jaguar
/brand/Jamaican-Roots/Jamaican-Roots
/brand/Jane-Carter-Solution-/Jane-Carter-Solution-
/brand/Janet-Collection/Black-Pearl-Wigs
/brand/Janet-Collection/Brazilian-Natural-Bombshell-Hair
/brand/Janet-Collection/Encore
/brand/Janet-Collection/Encore-Wigs
/brand/Janet-Collection/Human-Hair-by-Janet
/brand/Janet-Collection/Janet-Wigs
/brand/Janet-Collection/Noir
/brand/Janet-Collection/Prestige-Class
/brand/Janet-Collection/Super-Flow-Deep-Part-Lace-Wigs
/brand/Janet-Collection/Synthethic-Hair-by-Janet
/brand/Jannu/Jannu
/brand/Janson-Beauty/Janson-Beauty
/brand/Jazzy/Jazzy-Accessories
/brand/Jazzy/Jazzy-Wigs
/brand/JBS-Hair/Beauti-Collection
/brand/JBS-Hair/Elegante-S
/brand/JBS-Hair/Urban-Beauty
/brand/JBS-Hair/Urban-Beauty-Wigs
/brand/Jergens/Jergens
/brand/JF-Labs/JF-Labs
/brand/JF-Labs/Elentee
/brand/JF-Labs/Hawaiian-Silky
/brand/JF-Labs/Hawaiian-Silky-14-in-1-Miracles
/brand/JF-Labs/Hawaiian-Silky-Moroccan-Argan-Oil
/brand/JF-Labs/Leisure-Curl
/brand/JF-Labs/Olive-Babies
/brand/JF-Labs/Organic-Hair-Energizer
/brand/JF-Labs/Princess-by-Nature
/brand/JF-Labs/Vitale
/brand/JKS-International/Allplex-
/brand/Joanna/Joanna
/brand/Joe-Grooming/Joe-Grooming
/brand/John-Frieda/Brilliant-Brunette
/brand/John-Frieda/Frizz-Ease
/brand/Johnson-And-Johnson/Aveeno
/brand/Johnson-And-Johnson/Baby-Care
/brand/Johnson-And-Johnson/Clean-and-Clear
/brand/Johnson-And-Johnson/Johnsons
/brand/Johnson-And-Johnson/Neutrogena
/brand/Johnson-Products/Johnson-Products
/brand/Johnson-Products/Gentle-Treatment
/brand/Johnson-Products/Ultra-Sheen
/brand/Joico/Body-Luxe
/brand/Joico/Color-Endure
/brand/Joico/Daily-Care
/brand/Joico/Design-Collection
/brand/Joico/I-C-E-Hair
/brand/Joico/K-PAK
/brand/Joico/Moisture-Recovery
/brand/Joico/RENU-Age-Defy
/brand/Joico/Skin-Luxe
/brand/Joico/Style-and-Finish
/brand/Jolen/Jolen
/brand/Julienne/Julienne
/brand/June-Milnrow/June-Milnrow
/brand/Just-For-Locs/Just-For-Locs
/brand/Just-For-Me/Curl-Peace
/brand/Kaleidoscope-/Kaleidoscope-
/brand/Kali/Dark-Evolution
/brand/Kali/Futuraftress
/brand/Kanechom-/Kanechom-
/brand/Karens-Body-Beautiful/Karens-Body-Beautiful
/brand/Kativa-/Kativa-
/brand/Kemi-Laboratories/Kemi-Oyl
/brand/Kenra-/Kenra-
/brand/Kent--/Kent--
/brand/Kera-3razil/Kera-3razil
/brand/Kerafill-/Kerafill-
/brand/Keratherapy--/Keratherapy--
/brand/Keratin-Complex/Keratin-Complex
/brand/Keratin-De-Luxe/Keratin-De-Luxe
/brand/Keyline/Bio-Oil
/brand/Keyline/Erasmic
/brand/Keyline/Pro-Voke
/brand/KeyStone-Labs/Better-Braids
/brand/KeyStone-Labs/Ultra-Glow
/brand/Khs/Khs
/brand/King-Of-Shaves/Azor
/brand/King-Of-Shaves/Protect-After-Shave
/brand/King-Of-Shaves/Queen-of-Q
/brand/Kingsley-House-Skincare/Kingsley-House-Skincare
/brand/Kingston/Kingston
/brand/Kinky-Curly/Kinky-Curly
/brand/Kiss/Kiss
/brand/Kiss-Products/Broadway
/brand/Kiss-Products/Implements
/brand/Kiss-Products/Kiss-Eyelashes
/brand/Kiss-Products/Mayfair
/brand/Kleral/Huile-d--Argan
/brand/KM-Beauty/APN
/brand/KMS/Color-Vitality
/brand/KMS/Curl-Up
/brand/KMS/Flat-Out
/brand/KMS/Hair-Play
/brand/Kneipp/Kneipp
/brand/Knot-Genie-/Knot-Genie-
/brand/KODO-/KODO-
/brand/Koee-/Koee-
/brand/Koils-By-Nature/Koils-By-Nature
/brand/KoKou/KoKou
/brand/Kotex/Girl-Talk
/brand/KTC/KTC
/brand/Kuza-Naturals/Kuza-Naturals
/brand/Kynx-/Kynx-
/brand/Kyoku/Kyoku
/brand/La-Beaute/LB
/brand/LA-Girl/LA-Girl-Make-Up
/brand/LA-Girl/LA-Nail-Treatment
/brand/La-Riche/Directions
/brand/LA-Trend/LA-Trend-Wigs
/brand/lab-supernova/Stratti
/brand/Lafes-Natural-Body-Care/Lafes-Natural-Body-Care
/brand/Le-Garcon/Le-Garcon
/brand/Lets-Dred/Lets-Dred
/brand/Linco-Care/Dimples
/brand/Linco-Care/Re-Gen
/brand/Lindenberg/Propose
/brand/Liquid-Gold/Liquid-Gold
/brand/LIQWD/LIQWD
/brand/LOreal/Ammonia-free-colour
/brand/LOreal/Demaq-Expert
/brand/LOreal/Dermo-Expertise-Cleansing
/brand/LOreal/Dulcia-Tonica-AHA
/brand/LOreal/Elvive
/brand/LOreal/FIX
/brand/LOreal/Homme
/brand/LOreal/LOreal-Kids
/brand/LOreal/LOreal-Makeup
/brand/LOreal/Loreal-Paris-Cream
/brand/LOreal/Men-Expert
/brand/LOreal/Nature-Serie
/brand/LOreal/Permanent-Colour
/brand/LOreal/Pre--Lightening
/brand/LOreal/Re-Vitalift
/brand/LOreal/serie-expert-Aging-Hair
/brand/LOreal/serie-expert-Blonde-hair
/brand/LOreal/serie-expert-Coloured-Hair
/brand/LOreal/serie-expert-Curly-hair
/brand/LOreal/serie-expert-Detox-And-Control
/brand/LOreal/serie-expert-Frezzy-unmanageable-hair
/brand/LOreal/serie-expert-Gray-or-White-Hair
/brand/LOreal/serie-expert-Professional-In-Salon-Treatments
/brand/LOreal/serie-expert-Sun--Protection
/brand/LOreal/serie-expert-Very-Damaged-Hair
/brand/LOreal/serie-expert-Volume
/brand/LOreal/SMOOTH
/brand/LOreal/Studio
/brand/LOreal/Sublime-Bronze
/brand/LOreal/tecni.art-A.HEAD
/brand/LOreal/tecni.art-ELNETT
/brand/LOreal/tecni.art-HAIRMIX
/brand/LOreal/Texture
/brand/LOreal/VOLUME
/brand/LOreal/Wrinkle-De-Crease
/brand/LOreal/Youth-Code
/brand/Lornamead/Lornamead
/brand/Lornamead/Triple-Dry
/brand/Lottabody/Lottabody
/brand/Love-My-Baby/Love-My-Baby
/brand/Lucky-Tiger/Lucky-Tiger
/brand/Lusters-Products/Designer-Touch
/brand/Lusters-Products/PCJ
/brand/Lusters-Products/Pink
/brand/Lusters-Products/Pink-Smooth-Touch
/brand/Lusters-Products/Renutrients
/brand/Lusters-Products/S-Curl
/brand/Lusters-Products/ShortLooks
/brand/Lusters-Products/You
/brand/Lusters-Products/You-Be-Natural
/brand/Lusti-Products/Lusti-Products
/brand/Lusti-Products/Lusti
/brand/LustraSilk/LustraSilk
/brand/Lynx/Lynx
/brand/M-And-M-Cosmetics/Bump-Patrol
/brand/M-And-M-Cosmetics/Revlon-Realistic
/brand/M-And-M-Cosmetics/Sof-n-Free
/brand/M-And-M-Cosmetics/Sof-n-Free-n-Pretty
/brand/M-And-M-Cosmetics/Sta-Sof-Fro
/brand/M-And-M-Cosmetics/Stylin-Dredz
/brand/Mac/Mac
/brand/Macadamia/Natural-Oil
/brand/Magazines/Black-Beauty-and-Hair
/brand/Magazines/Extra-Braids
/brand/Magazines/Salon-One
/brand/Magazines/Solid-Gold
/brand/Magiclear/Magiclear
/brand/Makari/Makari
/brand/Makebelieve-/Makebelieve-
/brand/Malhotra-Shaving-Products/Malhotra-Shaving-Products
/brand/Malhotra-Shaving-Products/Laser
/brand/Malibu-C/Malibu-C
/brand/Mama-Africa/Mama-Africa
/brand/Mamado/Aromatherapy-Natural-Oils
/brand/Mamado/Jahaitian
/brand/Mamado/Miracle-Maxitone
/brand/Mamado/Swiss-Soft-n-White
/brand/Mane-Concept-Hair/Brazilian-Remi
/brand/Mane-Concept-Hair/Brown-Sugar
/brand/Mane-Concept-Hair/Faux-Remi
/brand/Mane-Concept-Hair/Mane-Kids-Braid
/brand/Mane-Concept-Hair/Mane-Synthetic-Hair
/brand/Mane-Concept-Hair/Raw-Brazilian
/brand/Mane-Concept-Hair/Red-Carpet-Premiere-Brazilian-Remi
/brand/Mane-Concept-Hair/Red-Carpet-Premiere-Wig
/brand/Mane-Concept-Hair/Ruby-Remi
/brand/Mane-N-Tail/Mane-N-Tail
/brand/Manic-Panic/Manic-Panic
/brand/Manicare/Manicare
/brand/Mankura/Mankura
/brand/Mashup-Haircare-/Mashup-Haircare-
/brand/Master-Wellcomb/Master-Wellcomb
/brand/Matrix/amplify
/brand/Matrix/BIOLAGE-colorcaretherapie
/brand/Matrix/BIOLAGE-scalptherapie
/brand/Matrix/BIOLAGE-styling
/brand/Matrix/BIOLAGE-Volumatherapie
/brand/Matrix/Hair-Color
/brand/Matrix/matrix-essentials
/brand/Matrix/Matrix-Men
/brand/Matrix/Shade-Memory
/brand/Matrix/Sleek-Look
/brand/Matrix/Texture-Opti-Range
/brand/Matrix/Vavoom
/brand/Maui-Moisture/Maui-Moisture
/brand/Maurer-And-Wirtz/Tabac
/brand/Maverick-Hair-And-Beauty/Colour-Bomb-By-Maverick
/brand/Maverick-Hair-And-Beauty/Fave4
/brand/Max-Fair-Skinscience/Max-Fair-Skinscience
/brand/Maxi-White-S1/Maxi-White-S1
/brand/Maybelline/Maybelline
/brand/Mazuri/Mazuri-Adults
/brand/Mazuri/Mazuri-Kids
/brand/Mazuri/Mazuri-Naturals
/brand/MC-Afro/Skin-White
/brand/MediMax/MediMax
/brand/Medirite---/Medirite---
/brand/Mekako/Mekako
/brand/Melora/Melora
/brand/Mentholatum/Mentholatum
/brand/Mentholatum/Deep-Freeze
/brand/Mentholatum/Deep-Heat
/brand/MGC/MGC
/brand/MI-Salon-Series-/MI-Salon-Series-
/brand/Mielle-Organics/Mielle-Organics
/brand/Mililo/Mililo
/brand/Mimax/Mimax-Make-Up
/brand/Minetan-/Minetan-
/brand/Miracle-9/Miracle-9
/brand/Miss-Jessies/Miss-Jessies
/brand/Mitchell/Mitchell
/brand/Mitchell/Carotis
/brand/Mitchell/IKB
/brand/Mitchell/Neo-Clear
/brand/Mitchell/Omic-plus
/brand/Mitchell/TechnoPharma
/brand/Mixed-Chicks/Mixed-Chicks
/brand/Mixed-Roots/Mixed-Roots
/brand/Mizani/BUTTER-BLEND-RELAXER-SYSTEM
/brand/Mizani/CLASSIC-RELAXERS
/brand/Mizani/Custom-Blend-Treatment
/brand/Mizani/MIZANI-STYLING
/brand/Mizani/Renew-Strength
/brand/Mizani/SCALP-CARE
/brand/Mizani/Shampoo-and-Conditioner
/brand/Mizani/THERMASMOOTH-
/brand/Moco-De-Gorila/Moco-De-Gorila
/brand/Model-Model/Glance
/brand/Model-Model/Model-Model-Wigs
/brand/Moisture--Love-/Moisture--Love-
/brand/Molly-And-Rose--/Molly-And-Rose--
/brand/Montagne-Jeunesse/Montagne-Jeunesse
/brand/Morgans/Morgans
/brand/Motions/Motions
/brand/Motown-Tress/Motown-Tress
/brand/MUK/MUK
/brand/MUM/MUM
/brand/Murrays/Murrays
/brand/Murrays/Pomade
/brand/Murry-Collection/Murry-Collection
/brand/My-DNA-Curls/My-DNA-Curls
/brand/Nads/Nads
/brand/Nail-HQ/Nail-HQ
/brand/Nailease--/Colour-Mania-
/brand/Nair/Nair
/brand/Namaste-Labs/Curl-Unleashed
/brand/Namaste-Labs/Namaste
/brand/Namaste-Labs/Organic-Root-Stimulator
/brand/Naobay/Naobay
/brand/Naomi-Sims-Collection/Naomi-Sims-Collection
/brand/Nappy-Styles/Nappy-Styles
/brand/Natty/Natty
/brand/Natur-Vital/Natur-Vital
/brand/Natura-Siberica/Natura-Siberica
/brand/Natura-Siberica/Oblepikha-Siberica
/brand/Natural-Fairness/Natural-Fairness
/brand/Natural-Health-Products/Natural-Health-Products
/brand/Natural-Pure/Natural-Pure
/brand/Natural-World-Cosmetics/Natural-World-Cosmetics
/brand/Nature-Spell/Nature-Spell
/brand/Nelaskin/Nelaskin
/brand/Nels/Nels
/brand/Nenes-Secret/Nenes-Secret
/brand/Nephria/Nephria
/brand/Neutex/Neutex
/brand/Neutrlab/Neutrlab
/brand/New-Eve/New-Eve
/brand/New-Life/New-Life
/brand/New-Placentyne/New-Placentyne
/brand/New-Sensorial/New-Sensorial
/brand/New-York-77/New-York-77
/brand/nexxus/nexxus
/brand/Nexxus/Phyto-Organics
/brand/Nexxus/VitaTress
/brand/NICKA-K-Newyork-/NICKA-K-Newyork-Cosmetics
/brand/Nicky-Clarke/Nicky-Clarke
/brand/Niharti--/Niharti--
/brand/Nina-Ricci/Nina-Ricci
/brand/Nioxin/Nioxin
/brand/Nisim-/Nisim-
/brand/Niuma/Niuma
/brand/Nivea/Nivea-Bath-Care
/brand/Nivea/Nivea-Body
/brand/Nivea/Nivea-Creme
/brand/Nivea/Nivea-Deodorant
/brand/Nivea/Nivea-For-Men
/brand/Nivea/Nivea-Hand
/brand/Nivea/Nivea-Soft
/brand/Nivea/Nivea-Visage
/brand/Nizoral/Nizoral
/brand/Nohooh-Monaco/Nohooh-Monaco
/brand/Norvell-/Strictly-Come-Dancing-
/brand/NouriTress/NouriTress
/brand/NouriTress/Perfect-Hair
/brand/Novex/Novex
/brand/Nu-Nale/Nu-Nale
/brand/Nuage/Nuage
/brand/Nubian-Heritage/Nubian-Heritage
/brand/Nulon/Nulon
/brand/NuNAAT/Brazilian-Keratin
/brand/NuNAAT/Karite-Special
/brand/NuNAAT/naat-Treatment
/brand/NuNAAT/Silicon
/brand/Nutra-Nail/Nutra-Nail
/brand/Nutriclair/Nutriclair
/brand/Nyxon/Nyxon
/brand/OBIA-Naturals/OBIA-Naturals
/brand/Obsession/Obsession
/brand/Ocean-Dream/Ocean-Dream
/brand/Oganic/Oganic
/brand/Ogx/Argan-Oil-and-Shea-Butter
/brand/Ogx/Argan-Oil-of-Morocco
/brand/Ogx/Australian-Teatree
/brand/Ogx/Awapuhi-Ginger
/brand/Ogx/Biotin-And-Collagen
/brand/Ogx/Brazilian-Keratin-Therapy
/brand/Ogx/Charcoal-Detox
/brand/Ogx/Cherry-Blossom-Ginseng
/brand/Ogx/Coconut-Milk
/brand/Ogx/Coconut-Water
/brand/Ogx/Keratin-Oil
/brand/Ogx/Kukui-Oil
/brand/Ogx/Macadamia-Oil
/brand/Ogx/Moroccan-Argan-Creme
/brand/Ogx/Smoothing-Shea-Butter
/brand/Ogx/Thickening-Citrus-Mint
/brand/Ogx/Vanilla-Silk
/brand/Oilatum/Oilatum
/brand/Ojojoo/Ojojoo
/brand/Olay/Olay
/brand/Old-Spice/Old-Spice
/brand/Ombia/Ombia
/brand/One-N-Only/One-N-Only
/brand/OPI/OPI
/brand/Optima/Aloe-Pura
/brand/Optima/AloeDent
/brand/Optima/Australian-Tea-Tree
/brand/Optima/Ice-Guard
/brand/Optrex/Optrex
/brand/Oral-B/Oral-B
/brand/Oright/Oright
/brand/Original-Arlos/Original-Arlos
/brand/Original-Source/Original-Source
/brand/Ornika/Ornika
/brand/Orofluido/Orofluido
/brand/Ossat-Naturals/Ossat-Naturals
/brand/Oster/Professional
/brand/Otentika/Otentika
/brand/Out-Of-Africa/Organic-Shea-Butter
/brand/Outre/Outre
/brand/Outre/Batik
/brand/Outre/Lace-Front
/brand/Outre/Outre-Braids
/brand/Outre/Premium
/brand/Outre/Quick
/brand/Outre/Velvet
/brand/OXY/OXY
/brand/Ozone-Ayurvedics/NoMarks
/brand/P-50/P-50
/brand/P-And-G-Prestige-Beaute/P-And-G-Prestige-Beaute
/brand/P-And-G-Prestige-Beaute/Ghost
/brand/P-And-G-Prestige-Beaute/Lacoste
/brand/P-And-M-Cosmetics/P-And-M-Cosmetics
/brand/P-And-M-Cosmetics/Top-Shirley
/brand/Pacinos-Signature-Line/Pacinos-Signature-Line
/brand/Paco-Rabanne/Paco-Rabanne
/brand/Paint-Glow/Paint-Glow
/brand/Paint-Glow/Rebellious-Colours
/brand/Palmers/Cocoa-Butter-Formula
/brand/Palmers/Coconut-Oil-Formula
/brand/Palmers/Hair-Success
/brand/Palmers/No-Blade
/brand/Palmers/Olive-Butter-Formula
/brand/Palmers/Olive-Oil-Formula
/brand/Palmers/Organics
/brand/Palmers/Shea-Butter-Formula
/brand/Palmers/Skin-Success
/brand/Paloma-Picasso/Paloma-Picasso
/brand/Paltas-BKC/Paltas-BKC
/brand/Paltas-BKC/Paltas
/brand/Pampers/Pampers
/brand/Pantene/Pantene
/brand/Pantene/Relaxed-and-Natural
/brand/Pantene/Restoratives
/brand/Parfums-Bleu/Parfums-Bleu
/brand/Parfums-Bleu/Blue-Stratos
/brand/Parfums-Bleu/Gold
/brand/Parlux-Fragrances/Parlux-Fragrances
/brand/Parlux-Fragrances/Paris-Hilton
/brand/parnevu/parnevu
/brand/parnevu/Extra-Dry
/brand/parnevu/T-Tree
/brand/PBS-Beauty/Options-Essence
/brand/PBS-Beauty/Vines-Biocrin
/brand/PCC-Brands/Chinese-Miracle
/brand/PCC-Brands/Visible-Solution
/brand/Peak-Enterprise/Tung
/brand/Pearl-Drops/Pearl-Drops
/brand/Pears/Pears
/brand/Pendeza/Pendeza
/brand/Pendeza/Tights
/brand/Perfect-Cosmetics/Perfect-Cosmetics
/brand/Perfect-Girl/Perfect-Girl
/brand/Peri-Products/ultraDEX
/brand/Perspi-Rock/Perspi-Rock
/brand/Pharma-Medico/Derma-Nova
/brand/PharmaClinix/PharmaClinix
/brand/Philips/Philips
/brand/Phoenix-Italia/LemonPlus
/brand/Phyto/Baby&#39;s-Hair>
/brand/Phyto/Dandruff
/brand/Phyto/Dry-and-Ultra-Dry-Hair
/brand/Phyto/Fine-and-Limp-Hair
/brand/Phyto/Hair-and-Styles
/brand/Phyto/Hair-Care-Regime
/brand/Phyto/Lifeless-Hair
/brand/Phyto/Phyto-Color-Treated--Permed-Hair
/brand/Phyto/Phyto-Oily-Scalp
/brand/Phyto/Phyto-Suncare
/brand/Phyto/Phyto-Thinning-Hair
/brand/Phyto/Problem-Solvers
/brand/Phyto/White-and-Gray-Hair
/brand/PhytoSpecific/Dermocosmetic-Care
/brand/PhytoSpecific/Level-One
/brand/PhytoSpecific/Level-Three
/brand/PhytoSpecific/Level-Two
/brand/PhytoSpecific/Styling-Care
/brand/PhytoSpecific/Treatments
/brand/Pino-Line/Pino-Line
/brand/PinUp-Perm/PinUp-Perm
/brand/Piz-Buin/Piz-Buin
/brand/Plonter/Plonter
/brand/Plus-White/Plus-White
/brand/PMS/First-Aid
/brand/Ponds/Ponds
/brand/Ponnus-/Ponnus-
/brand/Ponnus-/Ponnus-
/brand/Prada/Prada
/brand/Pretty-Woman/Snake-Oil
/brand/Princess-Hair/Princess
/brand/Pro-Line/Pro-Line
/brand/ProCare/Dispensers
/brand/ProCare/Foils
/brand/Profectiv/Growth-Renew
/brand/Profectiv/Mega-Growth
/brand/Profectiv/Original-Profectiv
/brand/Profectiv/Relax-and-Refresh
/brand/Professional-Hair-Labs/Professional-Hair-Labs
/brand/Professional-Hair-Labs/Ghost-Bond
/brand/Professional-Products-Unlimited/Diamond-Bond
/brand/Professional-Products-Unlimited/groganics
/brand/Professional-Products-Unlimited/Jamaican-Mango-and-Lime
/brand/Professional-Products-Unlimited/Nice-and-Curly
/brand/ProFOOT/ProFOOT
/brand/Profusion-Cosmetics/Profusion-Cosmetics
/brand/Progena/Progena
/brand/ProTip/Ceramic-Brushes
/brand/ProTip/Metallic-Brushes
/brand/Pure-Brazilian/Pure-Brazilian
/brand/Pure-Gold/Active-Honey
/brand/Pureology-Colour-Care/Pureology-Colour-Care
/brand/Purity-Plus-/Purity-Plus-
/brand/PZ-Cussons/Venus
/brand/QEI-Plus/QEI-Paris
/brand/Qfitt/Qfitt
/brand/queen-helene/queen-helene
/brand/Queen-Helene/FooTherapy
/brand/Queen-Khadi/Queen-Khadi
/brand/Queen-Love/Queen-Love
/brand/Quest/Pretty
/brand/Quick-Top/Quick-Top
/brand/Quif/Quif
/brand/Quintessence/Quintessence
/brand/R-n-B/R-n-B
/brand/RA-Cosmetics/RA
/brand/Radiant-Glow/Botanical
/brand/Radox/Radox
/brand/Rain-Forest/Rain-Forest
/brand/Ralph-Lauren/Ralph-Lauren-Fragrances
/brand/Rani-Kone/RaniKone
/brand/Ransom/Allergenics
/brand/Ransom/Joint-Flex
/brand/Ransom/MediBee
/brand/Razac/Razac
/brand/RDC-Hair/Blended-Hair-Extensions
/brand/RDC-Hair/Natural-Brazilian-Remy
/brand/RDC-Hair/Natural-Remy
/brand/RDC-Hair/Sexy-Premium
/brand/Red-By-Kiss/Red-By-Kiss
/brand/Redeema/Redeema
/brand/REFRESH--/REFRESH--
/brand/Regaine/Regaine
/brand/Reload-/Reload-
/brand/Remington/Remington
/brand/REMY-New-York/REMY-New-York
/brand/Renbow/Crazy-Color
/brand/Restoria/Restoria
/brand/Reuzel-/Reuzel-
/brand/revlon/revlon
/brand/Revlon/Charlie
/brand/Revlon/Professional-Proyou
/brand/Rexona/Rexona
/brand/Rich/Rich
/brand/Richards-And-Appleby/Cyclax
/brand/Richards-And-Appleby/Natural-Classic
/brand/Rico-Skin-Care/Rico
/brand/Ridam/Rident
/brand/Riemann/P-20
/brand/Rihanna/Rihanna
/brand/Rise-N-Shine/Go-Away-Gray
/brand/RK-by-Kiss/RK-by-Kiss
/brand/Ro-Ial-/Ro-Ial-
/brand/Rochas-SA/Rochas
/brand/Rodial/Rodial-Skincare
/brand/Root2Tip/Root2Tip
/brand/Rosance/Rosance
/brand/Royal-Imex/Zury
/brand/Royal-Moroccan/Royal-Moroccan
/brand/Rubee-Rinju/Rubee-Rinju
/brand/Rush/Brazilian-Wigs
/brand/Rush/Closures-And-Frontals
/brand/Rush/Hair-Extensions
/brand/RX-Farma/RX-Farma
/brand/Sabi/Sabi
/brand/Safah-Natural-/Safah-Natural-
/brand/Sahara-Single-Bible/Sahara-Single-Bible
/brand/Salcura/Salcura
/brand/Sally-Hansen/Body
/brand/Sally-Hansen/Hands-and-Nails
/brand/Sally-Johnson/Sally-Johnson
/brand/Salon-System/Salon-System
/brand/Salthouse/Salthouse
/brand/Sanex/Sanex
/brand/Saphira/Saphira
/brand/Sara-Lee/Badedas
/brand/Sara-Lee/Brylcreem
/brand/Sara-Lee/Vitapointe
/brand/Savlon/Savlon
/brand/Sazzy/Waves
/brand/Scannon-SAS/Dunhill
/brand/Scannon-SAS/Escada
/brand/Scholl/Scholl
/brand/Schwarzkopf/BlondMe
/brand/Schwarzkopf/Bonacure-Colour-Save
/brand/Schwarzkopf/Bonacure-Hairtherapy
/brand/Schwarzkopf/Bonacure-Repair-Rescue
/brand/Schwarzkopf/Bonacure-Styling-Treat
/brand/Schwarzkopf/Essence-Ultime
/brand/Schwarzkopf/Essensity
/brand/Schwarzkopf/Gliss
/brand/Schwarzkopf/got2b
/brand/Schwarzkopf/Igora
/brand/Schwarzkopf/La-Toja
/brand/Schwarzkopf/Live
/brand/Schwarzkopf/osis
/brand/Schwarzkopf/Pro-Styling
/brand/Schwarzkopf/Right-Guard
/brand/Schwarzkopf/Schwarzkopf-Color
/brand/Schwarzkopf/Silhouette
/brand/Schwarzkopf/Smooth-N-Shine
/brand/Schwarzkopf/Supersoft
/brand/Schwarzkopf/Theramed
/brand/Scruples/Scruples
/brand/Sea-Breeze-/Sea-Breeze-
/brand/Seba-Med/Seba-Med
/brand/Sebastian/Flow
/brand/Sebastian/Salon-Services
/brand/Selective-Beauty/Iceberg-Twice
/brand/Selective-Professional/Selective-Professional
/brand/Sensationnel/African-Collection
/brand/Sensationnel/Alexander
/brand/Sensationnel/Bare-and-Natural
/brand/Sensationnel/Bump-Collection
/brand/Sensationnel/Cloud-9
/brand/Sensationnel/Empress
/brand/Sensationnel/Goddess-Remi
/brand/Sensationnel/Instant-Fashion-Wig
/brand/Sensationnel/Instant-Pony
/brand/Sensationnel/Instant-Weave
/brand/Sensationnel/Kanubia
/brand/Sensationnel/Lace-Wig
/brand/Sensationnel/Live-Brazilian
/brand/Sensationnel/Premium-Now
/brand/Sensationnel/Premium-Plus
/brand/Sensationnel/Premium-Too
/brand/Sensationnel/Snap-Bulk
/brand/Sensationnel/Soft-N-Silky
/brand/Sensationnel/Ultra-Hairpieces
/brand/Sensationnel/Ultra-Wig
/brand/Sensitive-By-Nature/Sensitive-By-Nature
/brand/Sensual-Collection/Divine-Cuticle-HH
/brand/Sensual-Collection/Remi-Collection
/brand/Sensual-Collection/SensSens-Ponytail
/brand/Sensual-Collection/SensSens-Weaving
/brand/Sensual-Collection/Sensual-Human-Hair
/brand/Sensual-Collection/Vella-Collection-Wigs
/brand/Seprod/Seprod
/brand/Serenity/Serenity
/brand/Sesderma/Sesderma
/brand/Sevenseas/Sevenseas
/brand/Sevenseas/Cod-Liver-Oil
/brand/Sewha-P-And-C/Richenna
/brand/Sex-In-The-City/Sex-In-The-City
/brand/Sexyhair/big-sexyhair
/brand/Sexyhair/color-me-sexyhair
/brand/Sexyhair/curly-sexyhair
/brand/Sexyhair/Healthy-sexyhair
/brand/Sexyhair/sexyhair-organics
/brand/Sexyhair/short-sexyhair
/brand/Sexyhair/silky-sexyhair
/brand/Sexyhair/strong-sexyhair
/brand/SH-18/SH18
/brand/Shades-London/Shades-London
/brand/Shake-N-Go/FreeTress-Equal
/brand/Shake-N-Go/FreeTress-Equal-Lace-Front
/brand/Shake-N-Go/MilkyWay
/brand/Shake-N-Go/Saga
/brand/Shantys-/Shantys-
/brand/Shea-Moisture/Shea-Moisture
/brand/Shed-No-More/Shed-No-More
/brand/Shelley/Shelley
/brand/Shirley-May/Shirley-May
/brand/Sibel/Sibel
/brand/Sienna-X-Professional/Sienna-X-Professional
/brand/Silicon-Mix/Silicon-Mix
/brand/Silk-Plus/Natural-Skin-Theropy
/brand/Silk-Secret/Silk-Secret
/brand/Silver-Tree/Silver-Tree
/brand/Simple/Simple
/brand/Simple-Health-And-Beauty/Wrights
/brand/Sinelco-International/Ultron-
/brand/Siparco-Si/Siparco-Si
/brand/Siparco-Si/Ever-Sheen
/brand/Sivop/Sivop
/brand/skala/skala
/brand/Skin-Doctors/Kamouflage
/brand/Skin-Nouveau/Skin-Nouveau
/brand/Skin-Tight/Skin-Tight
/brand/Skin-Treats/Skin-Treats
/brand/Skin-Vitals/Skin-Vitals
/brand/Sleek/Closures
/brand/Sleek/EZ-Clip-Ins
/brand/Sleek/EZ-Ponytails
/brand/Sleek/Fashion-Idol
/brand/Sleek/Hair-Couture-Remy
/brand/Sleek/Hair-Couture-Wigs
/brand/Sleek/Noble
/brand/Sleek/Quality-Range
/brand/Sleek/Remi-Touch-Choice
/brand/Sleek/Remi-Touch-Divine
/brand/Sleek/Remy-Couture
/brand/Sleek/Spot-Light
/brand/Sleek/Style-Icon
/brand/Sleek/Virgin-Gold-Brazilian
/brand/Sleek/Viva-Hair
/brand/Sleek/Wig-Fashion
/brand/Sleek-Make-Up/Sleek-Make-Up
/brand/Smiffys/Lets-Party
/brand/Smile-Phan/Pop-Popular
/brand/Smooth-Care/Smooth-Care
/brand/Smooth-Organics/Smooth-Organics
/brand/Snowden/Snowden
/brand/So/So-Fragrance
/brand/Soft-And-Beautiful/Botanicals
/brand/Soft-And-Beautiful/Soft-n-Beautiful
/brand/Soft-And-Beautiful/Soft-n-Beautiful-Skin
/brand/Soft-And-Gentle/Soft-And-Gentle
/brand/Soft-And-Precious/Soft-And-Precious
/brand/SoftSheen-Carson/Beautiful-Beginnings
/brand/SoftSheen-Carson/Care-Free-Curl
/brand/SoftSheen-Carson/Dark-and-Lovely
/brand/SoftSheen-Carson/Dark-and-Natural
/brand/SoftSheen-Carson/Lets-Jam
/brand/SoftSheen-Carson/Magic
/brand/SoftSheen-Carson/Mixa
/brand/SoftSheen-Carson/Optimum-Amla-Legend
/brand/SoftSheen-Carson/Optimum-Care
/brand/SoftSheen-Carson/Optimum-Oil-Therapy
/brand/SoftSheen-Carson/Sportin-Waves
/brand/SoftSheen-Carson/Wave-Nouveau
/brand/SoftSheen-Carson/Wave-Nouveau
/brand/SoftSheen-Carson/Weave-Care
/brand/Sogecom/B-and-C
/brand/Sogecom/Over-White
/brand/Soultanicals/Soultanicals
/brand/Spartan-Brands/Black-n-Sassy
/brand/Spartan-Brands/Duke
/brand/Spartan-Brands/Stay-on-Satin
/brand/Spartan-Brands/WaveBuilder
/brand/Spectrum/Dandruff-EEze
/brand/Spunge-For-Men/Spunge-For-Men
/brand/St-Dalfour/St-Dalfour
/brand/St-Ives/Swiss-Formula
/brand/St-Moriz/St-Moriz
/brand/StateStrong/StateStrong
/brand/StateStrong/Salon-Professional
/brand/Sudocrem/Sudocrem
/brand/Sukin/Australian-Natural-Skincare
/brand/Sukin-Organics/Sukin-Organics
/brand/Summers-Eve/Summers-Eve
/brand/Sun/Sun
/brand/Sunkissed/Sunkissed
/brand/Sunny-Isle/Sunny-Isle
/brand/Sunsilk/Sunsilk
/brand/Super-Max/Super-Max
/brand/Super-Touch/Super-Touch
/brand/Superfoodlx/Superfoodlx
/brand/Supernail/Supernail
/brand/Sure/Sure
/brand/Sure-White/Sure-White
/brand/SWP/Supreme-White
/brand/T-Zone/Newtons
/brand/Taliah-Waajid/Taliah-Waajid
/brand/Tangle-Teezer/Tangle-Teezer
/brand/Tangle-Teezer/TangleTeezer
/brand/Taylor-Of-London/Taylor-Of-London
/brand/TCB/TCB
/brand/TCCD/Naturally-Fresh
/brand/TCP/TCP
/brand/Tend-Skin/Tend-Skin
/brand/Termix/Termix
/brand/Termix/Evolution
/brand/TGIN/TGIN
/brand/The-Big-Brush/The-Big-Brush
/brand/The-Breath-Co/The-Breath-Co
/brand/The-Crystal/Crystal
/brand/The-Hair-And-Cosmetic-Company-/I-M
/brand/The-Mane-Choice/The-Mane-Choice
/brand/The-Nail-Doctor/Nail-Doctor
/brand/The-Roots-Naturelle/The-Roots-Naturelle
/brand/The-Scottish-Fine-Soaps/The-Scottish-Fine-Soaps
/brand/The-Scottish-Fine-Soaps/Mens-Grooming
/brand/The-Skin-Republic/The-Skin-Republic
/brand/Thicker-Fuller-Hair/Thicker-Fuller-Hair
/brand/Thierry-Mugler/Angel
/brand/Thornton-And-Ross/Thornton-And-Ross
/brand/Tibet/Tibet
/brand/Tiffany-Collection/Tiffany-Collection
/brand/Tiger/Tiger
/brand/Tigi/Bed-Head
/brand/Tigi/BED-HEAD-B-FOR-MEN
/brand/Tigi/Bed-Head-Cosmetics
/brand/Tigi/Catwalk
/brand/Tigi/Catwalk-Curlesque
/brand/Tigi/Catwalk-Volume-Collection
/brand/Tigi/Hardcore
/brand/Tigi/Love-Peace-the-Planet
/brand/Tigi/Rockaholic
/brand/Tigi/S-factor
/brand/Tigi/Tigi-Colour
/brand/Tigi/Tigi-Gift-Sets
/brand/Timotei/Timotei
/brand/Titan-Donna/Donna-Collection
/brand/Titania/Made-For-You
/brand/Tokem/Tokem
/brand/Tommy-Hilfiger/Tommy-Hilfiger
/brand/Tony-Maleedy/Tony-Maleedy
/brand/Top-Hair-Fashion/Top-Hair-Fashion
/brand/Top-Op/Top-Op
/brand/Top-White/Top-White
/brand/Topiclear/Topiclear
/brand/TopiCrem/TopiCrem
/brand/Total-White/Total-White
/brand/Trendy-Hair/Trendy-Hair
/brand/TRESemme/ANTI-BREAKAGE
/brand/TRESemme/CLASSIC-CARE
/brand/TRESemme/CLASSIC-STYLING
/brand/TRESemme/COLOR
/brand/TRESemme/HEAT
/brand/TRESemme/TRESemme-Volume
/brand/Tropic-Isle-Living/Tropic-Isle-Living
/brand/TruZone/Professional-Hair-Care
/brand/Tulisa/Tulisa-Fragrances
/brand/Tura/Tura
/brand/TweezerMan/TweezerMan
/brand/Twisted-Sista/Twisted-Sista
/brand/Twists-N-Locs/Twists-N-Locs
/brand/Ujamaa-Cm/RegroW
/brand/Uncle-Funkys-Daughter/Uncle-Funkys-Daughter
/brand/Universal-Beauty/African-Essence
/brand/Universal-Beauty/Salon-Pro
/brand/Universal-Beauty/Via-Natural
/brand/Uppercut-Deluxe/Uppercut-Deluxe
/brand/Urban-Healing/Spa-Therapy
/brand/Urban-Hydration/Urban-Hydration
/brand/Vagisil/Vagisil
/brand/Valderma/Valderma
/brand/Valley-Of-The-Sun/American-Beauty-Secrets
/brand/Valley-Of-The-Sun/Body-Splash
/brand/Valley-Of-The-Sun/Herbal-Creams
/brand/Valley-Of-The-Sun/Hollywood-Style
/brand/Valley-Of-The-Sun/Moisture-Lotion
/brand/Valley-Of-The-Sun/Spanish-Garden
/brand/Vanessa/Express-Weave
/brand/Vanessa/Vanessa-Wigs
/brand/Vaseline/Vaseline
/brand/Vasmol/Ayurvedic
/brand/Vasso/Vasso
/brand/Veet/Veet
/brand/Vera-Wang-Princess/Vera-Wang
/brand/Versace/Versace
/brand/Vicks/Vicks
/brand/Victoria-Albi/Victoria-Albi
/brand/Victorias-Secret/Beauty-Rush
/brand/Victorias-Secret/Body-Butter
/brand/Victorias-Secret/Eau-De-Parfum
/brand/Victorias-Secret/Eau-De-Toilette-Spray
/brand/Victorias-Secret/Exhilarating-Body-Wash
/brand/Victorias-Secret/Fragrance-Gift-Set
/brand/Victorias-Secret/HairCare
/brand/Victorias-Secret/Hydrating-Body-Lotion
/brand/Victorias-Secret/Mist
/brand/Victorias-Secret/Shimmer-Lotion
/brand/Victorias-Secret/Ultra-Moisturizing
/brand/Victorus/Victorus
/brand/Vienna-Beauty/Vienna-Beauty
/brand/Vigorol/Vigorol
/brand/Village-Bath-Products/Village
/brand/Vines-Vintage/Vines-Vintage
/brand/Virgin-Beauty/Virgin-Beauty
/brand/VitaBiotics/VitaBiotics
/brand/Vitalfarco/Maxima
/brand/Vitalfarco/Revecolor
/brand/Vivica-Fox/Pure-Stretch-Cap
/brand/Vivica-Fox/Vivica-Fox-Hair
/brand/Vivienne-Westwood/Vivienne-Westwood
/brand/VO5/VO5
/brand/Vosene/Vosene
/brand/Vovi/Vovi
/brand/Vovi/Todays-Man
/brand/Wahl/Academy
/brand/Wahl/Hair-Clippers
/brand/Wahl/Hair-Trimmers
/brand/Wahl/Styling-Tools
/brand/Wahl/Wahl-Accessories
/brand/Walbert-Laboratories/Black-Thang
/brand/Warpaint-Cosmetics/Loosewomen
/brand/Wash-And-Go/Wash-And-Go
/brand/Wave-Nouveau/Wave-Nouveau
/brand/Wella/Blondor
/brand/Wella/Color-Fresh
/brand/Wella/Color-Touch
/brand/Wella/High-Hair
/brand/Wella/Koleston-Perfect
/brand/Wella/Lifetex
/brand/Wella/System-Professional
/brand/Wella/Wella-Professionals
/brand/Welters/Welters
/brand/Wild-Growth/Wild-Growth
/brand/Wilkinson-Sword/Wilkinson-Man
/brand/Wilkinson-Sword/Wilkinson-Woman
/brand/William-Marvy/William-Marvy
/brand/William-Marvy/Marvy
/brand/William-Ransom/William-Ransom
/brand/Wisdom/Wisdom
/brand/Witch/Witch
/brand/Wonder-Gro/Wonder-Gro
/brand/Wooden-Spoon/Wooden-Spoon
/brand/Woods-Collection/Woods-Collection
/brand/Woods-Of-Windsor/Woods-Of-Windsor
/brand/X-Pression/X-Pression
/brand/X-White/X-White
/brand/XBI/Femme-Clean
/brand/XBI/OKAY
/brand/XBI/Roots-Therapy
/brand/Xpel-Marketing/Osiris
/brand/Xtn-Care-Professional-/Xtn-Care-Professional-
/brand/Xtreme-Collection/Xtreme
/brand/Yabi-Cosmetics/Cuba
/brand/Yardley/Yardley
/brand/Yari-Naturals/Yari-Naturals
/brand/Yes-To/Blueberries
/brand/Yes-To/Carrots
/brand/Yes-To/Cucumbers
/brand/Yes-To/Tomatoes
/brand/yess-essential/yess-essential
/brand/Yoko/Yoko
/brand/Yotuel/Yotuel
/brand/Young-And-Natural/Young-And-Natural
/brand/Yves-Saint-Laurent/YSL
/brand/YZY/YZY-Products
/brand/Zak/Zak
/brand/ZamZam/ZamZam
/brand/Zandas/Zandas
/brand/Zero-Frizz/Zero-Frizz
/brand/Zoflora/Zoflora
/brand/Zotos/Park-Avenue
